Timestamp,title,genres
10/19/2020 13:34:57,The Office,Comedy
10/19/2020 13:35:03,The Office,Comedy
10/19/2020 13:35:06,the office,Comedy
10/19/2020 13:35:06,The Office,"Comedy, Documentary, Reality-TV"
10/19/2020 13:35:12,The Office ,Comedy
10/19/2020 13:35:14,Friends,Comedy
10/19/2020 13:35:14,The Office,Comedy
10/19/2020 13:35:14,The Office,"Comedy, Reality-TV"
10/19/2020 13:35:14,The Office,Comedy
10/19/2020 13:35:15,Friends,Comedy
10/19/2020 13:35:15,the office,"Comedy, Documentary"
10/19/2020 13:35:16,The Office,Comedy
10/19/2020 13:35:18,the office ,Comedy
10/19/2020 13:35:28,The office,Comedy
10/19/2020 13:35:30,Friends,Comedy
10/19/2020 13:35:35,The Office,Comedy
10/19/2020 13:35:35,The Office,Comedy
10/19/2020 13:35:35,Friends,Comedy
10/19/2020 13:35:35,The Office,Comedy
10/19/2020 13:35:40,Friends,Comedy
10/19/2020 13:35:42,The Office,"Comedy, Family, Romance"
10/19/2020 13:35:43,FRIENDS,Comedy
10/19/2020 13:35:46,The Office,Comedy
10/19/2020 13:35:47,Friends,Comedy
10/19/2020 13:35:48,The Office,Comedy
10/19/2020 13:35:50,Friends,"Comedy, Romance"
10/19/2020 13:35:51,The Office,Comedy
10/19/2020 13:35:53,The Office,Comedy
10/19/2020 13:35:53,The Office,Comedy
10/19/2020 13:35:56,Friends,Comedy
10/19/2020 13:35:57,Friends etc.,"Action, Adventure, Comedy, Fantasy, Horror, Sci-Fi, War"
10/19/2020 13:35:59,Friends,Comedy
10/19/2020 13:36:00,friends ,"Comedy, Family, Fantasy, Romance"
10/19/2020 13:36:00,The office,Comedy
10/19/2020 13:36:01,office,"Action, Adventure, Animation, Biography"
10/19/2020 13:36:01,Friends,"Comedy, Drama, Romance"
10/19/2020 13:36:14,Friends,Comedy
10/19/2020 13:36:16,friends,"Action, Adventure, Animation, Comedy, Crime, Drama, Family, Horror, Mystery"
10/19/2020 13:36:17,Friends etc.,"Action, Adventure, Comedy, Fantasy, Horror, Sci-Fi, War"
10/19/2020 13:36:18,the office ,"Animation, Comedy, Romance"
10/19/2020 13:36:18,friends,Comedy
10/19/2020 13:36:19,Friends,Comedy
10/19/2020 13:36:19,Friends,"Comedy, Drama"
10/19/2020 13:36:19,The Office,"Comedy, Drama"
10/19/2020 13:36:20,Sherlocks; Friends ,"Action, Crime, Drama"
10/19/2020 13:36:22,friends,"Comedy, Family"
10/19/2020 13:36:25,Friends,"Comedy, Family"
10/19/2020 13:36:36,Friends,Comedy
10/19/2020 13:36:38,friends,Comedy
10/19/2020 13:36:48,Friends,Comedy
10/19/2020 13:36:55,The Office,"Animation, Comedy, Drama, Horror, Sci-Fi"
10/19/2020 13:37:02,The Office,Comedy
10/19/2020 13:37:44,friends,Comedy
10/19/2020 13:37:57,Friends,Comedy
10/19/2020 13:38:13,Friends,Comedy
10/19/2020 13:38:21,friends,Comedy
10/19/2020 13:40:31,Friends,Comedy
